[
 {
  "Description": "Generic - 1688",
  "StartLine": 3,
  "EndLine": 3,
  "StartColumn": 2,
  "EndColumn": 17,
  "Match": "TOKEN=ghp_ABC123",
  "Secret": "=",
  "File": "/src/secrets/secrets.env",
  "SymlinkFile": "",
  "Commit": "",
  "Entropy": 0,
  "Author": "",
  "Email": "",
  "Date": "",
  "Message": "",
  "Tags": [],
  "RuleID": "Generic - 1688",
  "Fingerprint": "/src/secrets/secrets.env:Generic - 1688:3"
 },
 {
  "Description": "Kraken - 2",
  "StartLine": 4,
  "EndLine": 4,
  "StartColumn": 9,
  "EndColumn": 103,
  "Match": "kraken ThisIsAnExampleOfASecretStringThatCouldBeBase64Encoded/123456789012345678901234567890== ",
  "Secret": "ThisIsAnExampleOfASecretStringThatCouldBeBase64Encoded/123456789012345678901234567890== ",
  "File": "/src/secrets/secrets.env",
  "SymlinkFile": "",
  "Commit": "",
  "Entropy": 5.126212,
  "Author": "",
  "Email": "",
  "Date": "",
  "Message": "",
  "Tags": [],
  "RuleID": "Kraken - 2",
  "Fingerprint": "/src/secrets/secrets.env:Kraken - 2:4"
 },
 {
  "Description": "Detected a Generic API Key, potentially exposing access to various services and sensitive operations.",
  "StartLine": 1,
  "EndLine": 1,
  "StartColumn": 1,
  "EndColumn": 31,
  "Match": "API_KEY=12345-abcde-67890-fghij",
  "Secret": "12345-abcde-67890-fghij",
  "File": "/src/secrets/secrets.env",
  "SymlinkFile": "",
  "Commit": "",
  "Entropy": 4.316828,
  "Author": "",
  "Email": "",
  "Date": "",
  "Message": "",
  "Tags": [],
  "RuleID": "generic-api-key",
  "Fingerprint": "/src/secrets/secrets.env:generic-api-key:1"
 },
 {
  "Description": "Detected a Generic API Key, potentially exposing access to various services and sensitive operations.",
  "StartLine": 3,
  "EndLine": 3,
  "StartColumn": 2,
  "EndColumn": 27,
  "Match": "TOKEN=ghp_ABC12345XYZ67890",
  "Secret": "ghp_ABC12345XYZ67890",
  "File": "/src/secrets/secrets.env",
  "SymlinkFile": "",
  "Commit": "",
  "Entropy": 4.321928,
  "Author": "",
  "Email": "",
  "Date": "",
  "Message": "",
  "Tags": [],
  "RuleID": "generic-api-key",
  "Fingerprint": "/src/secrets/secrets.env:generic-api-key:3"
 },
 {
  "Description": "Generic - 1693",
  "StartLine": 2,
  "EndLine": 2,
  "StartColumn": 5,
  "EndColumn": 23,
  "Match": "PASSWORD=supersecre",
  "Secret": "=",
  "File": "/src/secrets/secrets.env",
  "SymlinkFile": "",
  "Commit": "",
  "Entropy": 0,
  "Author": "",
  "Email": "",
  "Date": "",
  "Message": "",
  "Tags": [],
  "RuleID": "Generic - 1693",
  "Fingerprint": "/src/secrets/secrets.env:Generic - 1693:2"
 }
]
