[
    {
        "code": "DL3006",
        "column": 1,
        "file": "-",
        "level": "warning",
        "line": 2,
        "message": "Always tag the version of an image explicitly"
    },
    {
        "code": "DL3009",
        "column": 1,
        "file": "-",
        "level": "info",
        "line": 5,
        "message": "Delete the apt-get lists after installing something"
    },
    {
        "code": "DL3008",
        "column": 1,
        "file": "-",
        "level": "warning",
        "line": 8,
        "message": "Pin versions in apt get install. Instead of `apt-get install <package>` use `apt-get install <package>=<version>`"
    },
    {
        "code": "DL3015",
        "column": 1,
        "file": "-",
        "level": "info",
        "line": 8,
        "message": "Avoid additional packages by specifying `--no-install-recommends`"
    },
    {
        "code": "DL3059",
        "column": 1,
        "file": "-",
        "level": "info",
        "line": 8,
        "message": "Multiple consecutive `RUN` instructions. Consider consolidation."
    },
    {
        "code": "DL3002",
        "column": 1,
        "file": "-",
        "level": "warning",
        "line": 11,
        "message": "Last USER should not be root"
    },
    {
        "code": "DL3059",
        "column": 1,
        "file": "-",
        "level": "info",
        "line": 21,
        "message": "Multiple consecutive `RUN` instructions. Consider consolidation."
    },
    {
        "code": "DL3015",
        "column": 1,
        "file": "-",
        "level": "info",
        "line": 22,
        "message": "Avoid additional packages by specifying `--no-install-recommends`"
    },
    {
        "code": "DL3059",
        "column": 1,
        "file": "-",
        "level": "info",
        "line": 22,
        "message": "Multiple consecutive `RUN` instructions. Consider consolidation."
    },
    {
        "code": "DL3008",
        "column": 1,
        "file": "-",
        "level": "warning",
        "line": 22,
        "message": "Pin versions in apt get install. Instead of `apt-get install <package>` use `apt-get install <package>=<version>`"
    },
    {
        "code": "DL4006",
        "column": 1,
        "file": "-",
        "level": "warning",
        "line": 23,
        "message": "Set the SHELL option -o pipefail before RUN with a pipe in it. If you are using /bin/sh in an alpine image or if your shell is symlinked to busybox then consider explicitly setting your SHELL to /bin/ash, or disable this check"
    }
]